-- MySQL dump 10.13  Distrib 5.6.26, for Win64 (x86_64)
--
-- Host: localhost    Database: new_cd40_trans
-- ------------------------------------------------------
-- Server version	5.6.26-log

/*!40101 SET @OLD_CHARACTER_SET_CLIENT=@@CHARACTER_SET_CLIENT */;
/*!40101 SET @OLD_CHARACTER_SET_RESULTS=@@CHARACTER_SET_RESULTS */;
/*!40101 SET @OLD_COLLATION_CONNECTION=@@COLLATION_CONNECTION */;
/*!40101 SET NAMES utf8 */;
/*!40103 SET @OLD_TIME_ZONE=@@TIME_ZONE */;
/*!40103 SET TIME_ZONE='+00:00' */;
/*!40014 SET @OLD_UNIQUE_CHECKS=@@UNIQUE_CHECKS, UNIQUE_CHECKS=0 */;
/*!40014 SET @OLD_FOREIGN_KEY_CHECKS=@@FOREIGN_KEY_CHECKS, FOREIGN_KEY_CHECKS=0 */;
/*!40101 SET @OLD_SQL_MODE=@@SQL_MODE, SQL_MODE='NO_AUTO_VALUE_ON_ZERO' */;
/*!40111 SET @OLD_SQL_NOTES=@@SQL_NOTES, SQL_NOTES=0 */;

--
-- Table structure for table `incidencias`
--

DROP TABLE IF EXISTS `incidencias`;
/*!40101 SET @saved_cs_client     = @@character_set_client */;
/*!40101 SET character_set_client = utf8 */;
CREATE TABLE `incidencias` (
  `IdIncidencia` int(10) unsigned NOT NULL,
  `IdIncidenciaCorrectora` int(10) unsigned DEFAULT NULL,
  `Incidencia` varchar(180) DEFAULT NULL,
  `Descripcion` varchar(180) DEFAULT NULL,
  `GeneraError` tinyint(1) DEFAULT NULL,
  `OID` varchar(32) DEFAULT NULL,
  PRIMARY KEY (`IdIncidencia`),
  KEY `Incidencias_FKIndex1` (`IdIncidenciaCorrectora`)
) ENGINE=InnoDB DEFAULT CHARSET=latin1;
/*!40101 SET character_set_client = @saved_cs_client */;

--
-- Dumping data for table `incidencias`
--

LOCK TABLES `incidencias` WRITE;
/*!40000 ALTER TABLE `incidencias` DISABLE KEYS */;
INSERT INTO `incidencias` VALUES (1,NULL,'Equipo HF conectado','Equipo HF {0} conectado',NULL,NULL),(2,NULL,'Error en equipo HF','Error en equipo HF {0}',NULL,NULL),(3,NULL,'Equipo HF desconectado','Equipo HF {0} desconectado',NULL,NULL),(4,NULL,'Equipo HF asignado','Equipo HF asignado. Usuario: {0}. Equipo: {1}, Frecuencia: {2}.',NULL,NULL),(5,NULL,'Equipo HF liberado','Equipo HF liberado. Equipo: {0}, Frecuencia: {1}.',NULL,NULL),(6,NULL,'Error HF general','Error HF general',NULL,NULL),(7,NULL,'Error HF asignación','Error HF asignación. Usuario: {0}, Equipo: {1}, Frecuencia: {2}.',NULL,NULL),(8,NULL,'Error HF desasignación','Error HF desasignación: Equipo: {0}, Frecuencia: {1}.',NULL,NULL),(9,NULL,'Error HF asignación múltiple','Error HF asignación múltiple. Usuario {0}.',NULL,NULL),(10,NULL,'Error HF preparación SELCAL','Error HF preparación SELCAL. Usuario: {0}, Equipo: {1}, OnOff: {2}.',NULL,NULL),(96,NULL,'Cambio de día.','Cambio de día',NULL,NULL),(101,NULL,'Selección SCV.','SCV {0} seleccionado.',NULL,NULL),(105,NULL,'Carga de sectorización.','Carga de sectorización {0}',NULL,'.1.1.600.1'),(106,NULL,'Error carga sectorización.','Error carga sectorización {0}',0,'.1.1.600.1'),(108,NULL,'Rechazo sectorización. No están todos los sectores reales.','Rechazo sectorización {0}. No están todos los sectores reales',0,'.1.1.600.1'),(109,NULL,'Sectorización automática implantada.','Sectorización automática implantada',NULL,'.1.1.600.1'),(110,NULL,'Sectorización automática rechazada.','Sectorización automática rechazada',0,'.1.1.600.1'),(111,NULL,'Sector asignado a posición.','Sector {0} asignado a posición {1}',NULL,'.1.1.600.1'),(112,NULL,'Sector desasignado de la posición.','Sector {0} desasignado de la posición {1}',NULL,'.1.1.600.1'),(113,NULL,'Rechazo sectorización. 1 + 1 no activo.','Rechazo sectorización. 1 + 1 no activo.',NULL,'.1.1.600.1'),(201,NULL,'Servidor activo.','{0} activo',0,NULL),(202,201,'Servidor no activo.','{0} no activo',0,NULL),(203,NULL,'Servidor caído.','{0} caído',0,NULL),(204,203,'Servidor 2 caído.','Servidor 2 caído',0,NULL),(1001,NULL,'Entrada TOP.','Entrada TOP',1,'1.1.1000.0'),(1002,1001,'Caída TOP.','Caída TOP',1,'1.1.1000.0'),(1003,NULL,'Conexión jacks ejecutivo.','Conexión jacks ejecutivo. Posición: {0}',0,'1.1.1000.1.3.0'),(1004,1003,'Desconexión jacks ejecutivo.','Desconexión jacks ejecutivo. Posición: {0}',0,'1.1.1000.1.3.0'),(1005,NULL,'Conexión jacks ayudante.','Conexión jacks ayudante. Posición: {0}',0,'1.1.1000.1.3.1'),(1006,1005,'Desconexión jacks ayudante.','Desconexión jacks ayudante. Posición: {0} ',0,'1.1.1000.1.3.1'),(1007,NULL,'Conexión altavoz.','Conexión altavoz {0}. Posición: {1} ',1,'1.1.1000.1.2'),(1008,1007,'Desconexión altavoz.','Desconexión altavoz {0}. Posición: {1} ',1,'1.1.1000.1.2'),(1009,NULL,'Panel pasa a operación.','Panel pasa a operación. Posición: {0} ',1,'1.1.1000.1.4'),(1010,1009,'Panel pasa a standby.','Panel pasa a standby. Posición: {0} ',1,'1.1.1000.1.4'),(1011,NULL,'Página de frecuencias seleccionada.','Página de frecuencias seleccionada: {0}. Posición: {1}.',NULL,'1.1.1000.6'),(1014,NULL,'Estado PTT.','Estado PTT: {0}. Posicion:{1}. Sector{2}',NULL,'1.1.1000.2'),(1015,NULL,'Facilidad seleccionada.','Facilidad seleccionada: {0}. Posición: {1}.',NULL,'1.1.1000.8'),(1016,NULL,'Llamada entrante Posicion.','Llamada entrante. Acceso: {0}. Posicion: {1}.',NULL,'1.1.1000.9'),(1017,NULL,'Llamada saliente Posicion.','Llamada saliente. Acceso: {0}. Posicion: {1}.',NULL,'1.1.1000.7'),(1019,NULL,'Fin llamada Posicion.','Fin llamada. Acceso: {0}.Posicion {1}.',NULL,'1.1.1000.10'),(1020,NULL,'Llamada telefonía establecida','Llamada establecida. Acceso: {0}. Posicion: {1}.',NULL,'1.1.1000.11'),(1021,NULL,'Función Briefing',' Sesión Briefing en Puesto: {0} {1}',NULL,'1.1.1000.13'),(1022,NULL,'Reproducción GLP','Grabación Local en Puesto {0} {1}',NULL,'1.1.1000.12'),(2001,NULL,'Entrada GW.','Entrada GW',1,'1.1.100.2.0'),(2002,2001,'Caída GW.','Caída GW.',1,'1.1.100.2.0'),(2003,NULL,'Conexión Recurso Radio.','Conexión Recurso Radio.',NULL,'1.1.200.3.1.17'),(2004,2003,'Desconexión Recurso Radio.','Desconexión Recurso Radio.',0,'1.1.200.3.1.17'),(2005,NULL,'Conexión Recurso Telefonía.','Conexión Recurso Telefonía.',NULL,'1.1.400.3.1.14'),(2006,2005,'Desconexión Recurso Telefonía.','Desconexión Recurso Telefonía.',0,'1.1.400.3.1.14'),(2007,NULL,'Conexión tarjeta interfaz','Conexión tarjeta interfaz: Slot {0}',1,'1.1.100.31.1.2'),(2008,2007,'Desconexión tarjeta interfaz','Desconexión tarjeta interfaz: Slot {0}',1,'1.1.100.31.1.2'),(2009,NULL,'Conexión Recurso R2.','Conexión Recurso R2.',NULL,'1.1.500.3.1.17'),(2010,NULL,'Desconexión Recurso R2.','Desconexión Recurso R2.',NULL,'1.1.500.3.1.17'),(2012,NULL,'Error protocolo LCN.','Error protocolo LCN.',NULL,'1.1.300.3.1.17'),(2013,NULL,'Conexión Recurso LCN.','Conexión Recurso LCN.',NULL,'1.1.300.3.1.17'),(2014,2013,'Desconexión Recurso LCN.','Desconexión Recurso LCN.',0,'1.1.300.3.1.17'),(2020,NULL,'Llamada entrante R2.','Llamada entrante R2. Recurso {0}. Troncal {1}. Origen {2}. Prioridad {3}. Destino {4}',NULL,'1.1.500.3.1.17'),(2021,NULL,'Fin llamada entrante R2.','Fin llamada entrante R2. Recurso {0}. Troncal {1}.',NULL,'1.1.500.3.1.17'),(2022,NULL,'Llamada saliente R2.','Llamada saliente R2. Recurso {0}. Troncal {1}. Origen {2}. Prioridad {3}. Destino {4}',NULL,'1.1.500.3.1.17'),(2023,NULL,'Fin llamada saliente R2.','Fin llamada saliente R2. Recurso {0}. Troncal {1}.',NULL,'1.1.500.3.1.17'),(2024,NULL,'Llamada prueba R2.','Llamada prueba R2. Pasarela: {0}. Recurso: {1}',NULL,'1.1.500.3.1.17'),(2025,NULL,'Error protocolo R2.','Error protocolo R2. Pasarela: {0}. Recurso: {1}',0,'1.1.500.3.1.17'),(2030,NULL,'Llamada entrante LCN.','Llamada entrante LCN: Recurso: {0}',NULL,'1.1.300.3.1.17'),(2031,NULL,'Fin llamada entrante LCN.','Fin llamada entrante LCN: Recurso: {0}.',NULL,'1.1.300.3.1.17'),(2032,NULL,'Llamada saliente LCN.','Llamada saliente LCN: Recurso: {0}.',NULL,'1.1.300.3.1.17'),(2033,NULL,'Fin llamada saliente LCN.','Fin llamada saliente LCN: Recurso: {0}.',NULL,'1.1.300.3.1.17'),(2040,NULL,'Llamada entrante telefonía.','Llamada entrante telefonía: Recurso {0}. Línea {1}.  Red {2}. Tipo interfaz {3}. Acceso {4}.',NULL,'1.1.400.3.1.14'),(2041,NULL,'Fin llamada entrante telefonía.','Fin llamada entrante telefonía:  Recurso {0}. Línea {1}.  Red {2}. Tipo interfaz {3}. Acceso {4}.',NULL,'1.1.400.3.1.14'),(2042,NULL,'Llamada saliente telefonía.','Llamada saliente telefonía:  Recurso {0}. Línea {1}.  Red {2}. Tipo interfaz {3}. Acceso {4}.',NULL,'1.1.400.3.1.14'),(2043,NULL,'Fin llamada saliente telefonía.','Fin llamada saliente telefonía:  Recurso {0}. Línea {1}.  Red {2}. Tipo interfaz {3}. Acceso {4}.',NULL,'1.1.400.3.1.14'),(2050,NULL,'PTT On.','PTT On:  Pasarela: {0}. Recurso {1}. Frecuencia: {2}',NULL,'1.1.200.3.1.17'),(2051,NULL,'PTT Off.','PTT Off:   Pasarela: {0}. Recurso {1}. Frecuencia: {2}',NULL,'1.1.200.3.1.17'),(2052,NULL,'SQ On.','SQ On:   Pasarela: {0}. Recurso {1}. Frecuencia: {2}',NULL,'1.1.200.3.1.17'),(2053,NULL,'SQ Off.','SQ Off:   Pasarela: {0}. Recurso {1}. Frecuencia: {2}',NULL,'1.1.200.3.1.17'),(2100,NULL,'Selección Principal/Reserva','Pasarela {0} pasa a {1}',NULL,'1.1.100.21.0'),(3001,NULL,'Entrada Equipo Externo.','Entrada Equipo Externo',1,NULL),(3002,3001,'Caída Equipo Externo.','Caída Equipo Externo',1,NULL),(3050,NULL,'Error generico del NM (excepcion no esperada)','Error generico del NM (excepcion no esperada): {0}',NULL,NULL),(3051,NULL,'Error en los datos de configuracion recibidos','Error en los datos de configuracion recibidos: {0}',NULL,NULL),(3052,NULL,'Error al asignar el equipo','Error al asignar el equipo: {0}',NULL,NULL),(3053,NULL,'Equipo asignado correctamente','Equipo asignado correctamente: {0}',NULL,NULL),(3054,NULL,'Error al liberar el equipo','Error al liberar el equipo: {0}',NULL,NULL),(3055,NULL,'Equipo liberado correctamente','Equipo liberado correctamente: {0}',NULL,NULL),(3056,NULL,'Equipo en Modo Local','Equipo en Modo Local: {0}',NULL,NULL),(3057,NULL,'Fallo de comunicacion','Fallo de comunicacion: {0}',NULL,NULL),(3060,NULL,'Error en la asignación de frecuencia','Error en la asignación de frecuencia: {0}',NULL,NULL),(3061,NULL,'Frecuencia asignada correctamente','Frecuencia asignada correctamente: {0}',NULL,NULL),(3062,NULL,'Error en la liberacion de frecuencia','Error en la liberacion de frecuencia: {0}',NULL,NULL),(3063,NULL,'Frecuencia liberada correctamente','Frecuencia liberada correctamente: {0}',NULL,NULL),(3070,NULL,'Error en el comando manual','Error en el comando manual: {0}',NULL,NULL),(3071,NULL,'Activación manual correcta','Activación manual correcta: {0}',NULL,NULL),(3072,NULL,'Desactivación manual correcta','Desactivación manual correcta: {0}',NULL,NULL),(3073,NULL,'Asignacion/liberacion manual de equipo correcta','Asignacion/liberacion manual de equipo correcta: {0}',NULL,NULL),(3074,NULL,'Reinicio de servicio','Reinicio de servicio: {0}',NULL,NULL),(3075,NULL,'Configuracion de tiempo de validacion correcto','Configuracion de tiempo de validacion correcto: {0}',NULL,NULL),(3080,NULL,'Servicio Arrancado','Servicio Arrancado: {0}',NULL,NULL),(3081,NULL,'Servicio Detenido','Servicio Detenido: {0}',NULL,NULL),(3082,NULL,'Nueva Configuracion recibida e implementada en el NM','Nueva Configuracion recibida e implementada en el NM: {0}',NULL,NULL),(3099,NULL,'Log INFO generica','Log INFO generica: {0}',NULL,NULL),(3100,NULL,'Log ERROR generico','Log ERROR generico: {0}',NULL,NULL),(5000,NULL,'Contador de tiempo operativo','{0}',0,NULL),(5001,NULL,'Elemento entra en estado operativo',NULL,0,NULL),(5002,NULL,'Elemento sale de estado operativo',NULL,0,NULL),(5003,NULL,'Contador de tiempo operativo','{0}',0,NULL),(5004,NULL,'Elemento entra en estado de fallo',NULL,0,NULL),(5005,NULL,'Elemento sale de estado de fallo',NULL,0,NULL);
/*!40000 ALTER TABLE `incidencias` ENABLE KEYS */;
UNLOCK TABLES;

--
-- Table structure for table `incidencias_frances`
--

DROP TABLE IF EXISTS `incidencias_frances`;
/*!40101 SET @saved_cs_client     = @@character_set_client */;
/*!40101 SET character_set_client = utf8 */;
CREATE TABLE `incidencias_frances` (
  `IdIncidencia` int(10) unsigned NOT NULL,
  `IdIncidenciaCorrectora` int(10) unsigned DEFAULT NULL,
  `Incidencia` varchar(180) DEFAULT NULL,
  `Descripcion` varchar(180) DEFAULT NULL,
  `GeneraError` tinyint(1) DEFAULT NULL,
  `OID` varchar(32) DEFAULT NULL,
  PRIMARY KEY (`IdIncidencia`)
) ENGINE=InnoDB DEFAULT CHARSET=latin1;
/*!40101 SET character_set_client = @saved_cs_client */;

--
-- Dumping data for table `incidencias_frances`
--

LOCK TABLES `incidencias_frances` WRITE;
/*!40000 ALTER TABLE `incidencias_frances` DISABLE KEYS */;
INSERT INTO `incidencias_frances` VALUES (1,NULL,'Équipement HF branché','Équipement HF {0} branché',NULL,NULL),(2,NULL,'Erreur à l\\\'équipement HF','Erreur à l\\\'équipement HF {0}',NULL,NULL),(3,NULL,'Équipement HF débranché','Équipement HF {0} débranché.',NULL,NULL),(4,NULL,'Équipement HF livré','Équipement HF livré. Operateur: {0}. Équipement: {1}, Fréquence: {2}.',NULL,NULL),(5,NULL,'Équipement HF non livré','Équipement HF non livré.  Équipement: {1}, Fréquence: {2}.',NULL,NULL),(6,NULL,'Erreur HF général','Erreur HF général',NULL,NULL),(7,NULL,'Erreur HF de livraison','Erreur HF de livraison. Operateur: {0}, Équipement: {1}, Fréquence: {2}.',NULL,NULL),(8,NULL,'Erreur HF de non livraison','Erreur HF de non livraison: Équipement: {1}, Fréquence: {2}.',NULL,NULL),(9,NULL,'Erreur HF de livraison multiple','Erreur HF de livraison multiple. Operateur {0}.',NULL,NULL),(10,NULL,'Erreur HF préparation SELCAL','Erreur HF préparation SELCAL. Operateur: {0}, Équipement: {1}, OnOff: {2}.',NULL,NULL),(11,NULL,'U5KI_NBX_002','U5KI_NBX_002',NULL,NULL),(12,NULL,'U5KI_NBX_003','U5KI_NBX_003',NULL,NULL),(96,NULL,'Changement de la journée.','Changement de la journée',NULL,NULL),(101,NULL,'Sélection SCV.','SCV sélectionné {0}.',NULL,NULL),(105,NULL,'Chargement sectorisation.','Chargement de la sectorisation {0}',NULL,'.1.1.600.1'),(106,NULL,'Erreur de chargement sectorisation.','Erreur de chargement sectorisation {0}',0,'.1.1.600.1'),(108,NULL,'Sectorisation rejetée ». Tous les secteurs ne sont pas réels.','Rejeter la sectorisation {0}. Ils ne sont pas tous les secteurs réels',0,'.1.1.600.1'),(109,NULL,'Sectorisation implantée automatique.','Sectorisation automatique implantée',NULL,'.1.1.600.1'),(110,NULL,'Sectorisation automatique rejetée.','Sectorisation automatique rejetée',0,'.1.1.600.1'),(111,NULL,'Secteur livré à la position.','Secteur {0} livré à la position {1}',NULL,'.1.1.600.1'),(112,NULL,'Secteur non livré à la position.','Secteur {0} désallouée de la position {1}',NULL,'.1.1.600.1'),(113,NULL,'Sectorisation rejetée. 1 + 1 n\\\'est pas active.','Rejeter la sectorisation. 1 + 1 n\\\'est pas active.',NULL,'.1.1.600.1'),(201,NULL,'Serveur 1 actif.','Serveur 1 Actif',NULL,NULL),(202,201,'Serveur 1 coupé','Serveur 1 coupé',0,NULL),(203,NULL,'Serveur 2 actif.','Serveur 2 actif',NULL,NULL),(204,203,'Serveur 2 coupé.','Serveur 2 coupé',0,NULL),(1001,NULL,'Entrée TOP.','Entrée TOP',1,'1.1.1000.0'),(1002,1001,'TOP coupée.','Top coupée',1,'1.1.1000.0'),(1003,NULL,'Liaison jacks exécutif.','Liaison jacks exécutif Post: {0}',0,'1.1.1000.1.3.0'),(1004,1003,'Débranchement jacks exécutif.','Débranchement jacks exécutif. Post: {0}',0,'1.1.1000.1.3.0'),(1005,NULL,'Liaison jacks assistant','Liaison jacks assistant. Post: {0}',0,'1.1.1000.1.3.1'),(1006,1005,'Débranchement jacks assistant.','Débranchement jacks assistant. Post: {0}',0,'1.1.1000.1.3.1'),(1007,NULL,'Liaison haut-parleur','Liaison haut-parleur {0}. Post: {1}',1,'1.1.1000.1.2'),(1008,1007,'Débranchement haut-parleur.','Débranchement haut-parleur {0}. Post: {1}',1,'1.1.1000.1.2 '),(1009,NULL,'Panneau en marche','Panneau en marche. Post: {0}',1,'1.1.1000.1.4 '),(1010,1009,'Panneau passe à stand-by.','Panneau passe à stand-by. Post: {0}',1,'1.1.1000.1.4 '),(1011,NULL,'Page de fréquences est sélectionnée.','Page {0} de fréquences est sélectionnée. Post:. {1}',NULL,'1.1.1000.6'),(1014,NULL,'État de PTT.','Etat de PTT: {0}. Post: {1}. Secteur {2}',NULL,'1.1.1000.2'),(1015,NULL,'Facilité sélectionnée','Facilité sélectionnée: {0}. Post:. {1}',NULL,'1.1.1000.8'),(1016,NULL,'Appel entrant.','Appel entrant. Accès: {0}. Post:. {1}',NULL,'1.1.1000.9'),(1017,NULL,'Appel sortant Post.','Appel sortant. Accès: {0}. Post:. {1}',NULL,'1.1.1000.7'),(1019,NULL,'Fin d\\\'appel Post.','Fin d\\\'appel. Accès: {0}. Post:. {1}',NULL,'1.1.1000.10 '),(1020,NULL,'Appel établi','Appel établi. Accès: {0}. Post:. {1}',NULL,'1.1.1000.11'),(1021,NULL,'Séance Breifing','Séance Breifing à le poste: {0}. {1}',NULL,'1.1.1000.13'),(1022,NULL,'Fonction de reproduction.','Fonction de reproduction post: {0}. {1}',NULL,'1.1.1000.12'),(2001,NULL,'Entrée passerelle.','Entrée passerelle',1,'1.1.100.2.0'),(2002,2001,'Coupée passerelle','Coupée passerelle.',1,'1.1.100.2.0'),(2003,NULL,'Liaison ressource radio.','Liaison ressource radio.',NULL,'1.1.200.3.1.17'),(2004,2003,'Débranchement ressource radio.','Débranchement ressource radio.',0,'1.1.200.3.1.17'),(2005,NULL,'Liaison ressource téléphonie.','Liaison ressource téléphonie.',NULL,'1.1.400.3.1.14'),(2006,2005,'Débranchement ressources téléphonie.','Débranchement ressource téléphonie.',0,'1.1.400.3.1.14'),(2007,NULL,'Liaison carte d\\\'interface','Liaison carte d\\\'interface: Port {0}',1,'1.1.100.31.1.2'),(2008,2007,'Débranchement carte d\\\'interface','Débranchement carte d\\\'interface: Port {0}',1,'1.1.100.31.1.2'),(2009,NULL,'Liaison ressource R2.','Liaison ressource R2.',NULL,'1.1.500.3.1.17'),(2010,NULL,'Débranchement ressource R2.','Débranchement ressource R2.',NULL,'1.1.500.3.1.17'),(2012,NULL,'Erreur de protocole LCN.','Erreur de protocole LCN.',NULL,'1.1.300.3.1.17'),(2013,NULL,'Liaison ressource LCN.','Liaison ressource LCN.',NULL,'1.1.300.3.1.17'),(2014,2013,'Débranchement ressource LCN.','Débranchement ressource LCN.',0,'1.1.300.3.1.17'),(2020,NULL,'Appel R2 entrant.','Appel R2 entrant. Ressource {0}. Tronc {1}. {2} Origine. Priorité {3}. Destination {4} ',NULL,'1.1.500.3.1.17 '),(2021,NULL,'Fin appel R2.','Fin appel R2. Ressource {0}. Tronc {1}.',NULL,'1.1.500.3.1.17 '),(2022,NULL,'Appel R2 sortant.','Appel R2 sortant. Ressource {0}. Tronc {1}. {2} Origine. Priorité {3}. Destination {4}',NULL,'1.1.500.3.1.17 '),(2023,NULL,'Fin appel R2.','Fin appel R2. Ressource {0}. Tronc {1}.',NULL,'1.1.500.3.1.17 '),(2024,NULL,'Appel de test R2.','Appel de test R2. Passerelle: {0}. Ressource: {1}',NULL,'1.1.500.3.1.17 '),(2025,NULL,'Erreur de protocole R2.','Erreur de protocole R2. Passerelle: {0}. Ressource: {1}',0,'1.1.500.3.1.17 '),(2030,NULL,'Appel LCN entrant.','Appel LCN entrant: Ressource: {0}',NULL,'1.1.300.3.1.17'),(2031,NULL,'Fin d\\\'appel entrant LCN.','Fin d\\\'appel entrant LCN: Ressource: {0}.',NULL,'1.1.300.3.1.17'),(2032,NULL,'Appel LCN sortant.','Appel LCN sortant: Ressource:. {0}',NULL,'1.1.300.3.1.17'),(2033,NULL,'Fin appel sortant LCN.','Fin d\\\'appel sortant LCN: Ressource:. {0}',NULL,'1.1.300.3.1.17'),(2040,NULL,'Appel téléphonique entrant.','Appel téléphonique entrant: Ressource {0}. Ligne {1}.  Réseau {2}. Type d\\\'interface {3}. Accès {4}.',NULL,'1.1.400.3.1.14'),(2041,NULL,'Fin appel téléphonique entrant.','Fin appel téléphonique entrant: Ressource {0}. Ligne {1}.  Réseau {2}. Type d\\\'interface {3}. Accès {4}.',NULL,'1.1.400.3.1.14'),(2042,NULL,'Appel téléphonique sortant.','Appel téléphonique sortant: Ressource {0}. Ligne {1}.  Réseau {2}. Type d\\\'interface {3}. Accès {4}.',NULL,'1.1.400.3.1.14'),(2043,NULL,'Fin appel téléphonique sortant.','Fin appel téléphonique sortant: Ressource {0}. Ligne {1}.  Réseau {2}. Type d\\\'interface {3}. Accès {4}.',NULL,'1.1.400.3.1.14'),(2050,NULL,'PTT On.','PTT On: Passerelle: {0}. Ressource {1}. Fréquence: {2}',NULL,'1.1.200.3.1.17'),(2051,NULL,'PTT Off.','PTT Off: Passerelle: {0}. Ressource {1}. Fréquence: {2}',NULL,'1.1.200.3.1.17'),(2052,NULL,'SQ On.','SQ On: Passerelle: {0}. Ressource {1}. Fréquence: {2}',NULL,'1.1.200.3.1.17'),(2053,NULL,'SQ Off.','SQ Off: Passerelle: {0}. Ressource {1}. Fréquence: {2} ',NULL,'1.1.200.3.1.17'),(2100,NULL,'Sélection Principal/Réserve','Passerelle {0} passe a  l\\\'état de {1}',NULL,'1.1.100.21.0'),(3001,NULL,'Liaison équipement externe.','Liaison équipement externe',1,NULL),(3002,3001,'Débranchement équipement externe.','Débranchement équipement externe',1,NULL),(3050,NULL,'Error generico del NM (excepciones no esperadas dentro del NM)','Error generico del NM (excepciones no esperadas dentro del NM): {0}',NULL,NULL),(3051,NULL,'Error en los datos de configuracion recibidos','Error en los datos de configuracion recibidos: {0}',NULL,NULL),(3052,NULL,'Error al asignar el equipo','Error al asignar el equipo: {0}',NULL,NULL),(3053,NULL,'Equipo asignado correctamente','Equipo asignado correctamente: {0}',NULL,NULL),(3054,NULL,'Error al liberar el equipo','Error al liberar el equipo: {0}',NULL,NULL),(3055,NULL,'Equipo liberado correctamente','Equipo liberado correctamente: {0}',NULL,NULL),(3056,NULL,'Equipo en Modo Local (No accesible por el NM)','Equipo en Modo Local (No accesible por el NM): {0}',NULL,NULL),(3057,NULL,'Fallo de comunicacion','Fallo de comunicacion. Posible modo Interactivo desde la aplicación de gestion: {0}',NULL,NULL),(3060,NULL,'Error en la asignación de frecuencia','Error en la asignación de frecuencia: {0}',NULL,NULL),(3061,NULL,'Exito en la asignación de frecuencia','Exito en la asignación de frecuencia: {0}',NULL,NULL),(3062,NULL,'Error en la liberacion de frecuencia','Error en la liberacion de frecuencia: {0}',NULL,NULL),(3063,NULL,'Exito en la liberacion de frecuencia','Exito en la liberacion de frecuencia: {0}',NULL,NULL),(3070,NULL,'Error en el comando manual','Error en el comando manual: {0}',NULL,NULL),(3071,NULL,'Comando manual activar completo','Comando manual activar completo: {0}',NULL,NULL),(3072,NULL,'Comando manual desactivar completo','Comando manual desactivar completo: {0}',NULL,NULL),(3073,NULL,'Comando manual intercambiar asignacion/liberacion del equipo completo','Comando manual intercambiar asignacion/liberacion del equipo completo: {0}',NULL,NULL),(3074,NULL,'Comando manual de reinicio de servicio completo','Comando manual de reinicio de servicio completo: {0}',NULL,NULL),(3075,NULL,' Comando manual de configuracion de tiempo de validacion completo',' Comando manual de configuracion de tiempo de validacion completo: {0}',NULL,NULL),(3080,NULL,'Servicio Arrancado','Servicio Arrancado: {0}',NULL,NULL),(3081,NULL,'Servicio Detenido','Servicio Detenido: {0}',NULL,NULL),(3082,NULL,'Nueva Configuracion recibida e implementada en el NM','Nueva Configuracion recibida e implementada en el NM: {0}',NULL,NULL),(3099,NULL,'Un INFO genérico para la modificación que se ha hecho al sistema de logs','Un INFO genérico para la modificación que se ha hecho al sistema de logs. Informacion no catalogada: {0}',NULL,NULL),(3100,NULL,'Un ERROR genérico para la modificación que se ha hecho al sistema de logs','Un ERROR genérico para la modificación que se ha hecho al sistema de logs. Excepcion no catalogada: {0}',NULL,NULL),(5000,NULL,'Contador de tiempo operativo','{0}',0,NULL),(5001,NULL,'Elemento entra en estado operativo',NULL,0,NULL),(5002,NULL,'Elemento sale de estado operativo',NULL,0,NULL),(5003,NULL,'Contador de tiempo operativo','{0}',0,NULL),(5004,NULL,'Elemento entra en estado de fallo',NULL,0,NULL),(5005,NULL,'Elemento sale de estado de fallo',NULL,0,NULL);
/*!40000 ALTER TABLE `incidencias_frances` ENABLE KEYS */;
UNLOCK TABLES;

--
-- Table structure for table `incidencias_ingles`
--

DROP TABLE IF EXISTS `incidencias_ingles`;
/*!40101 SET @saved_cs_client     = @@character_set_client */;
/*!40101 SET character_set_client = utf8 */;
CREATE TABLE `incidencias_ingles` (
  `IdIncidencia` int(10) unsigned NOT NULL,
  `IdIncidenciaCorrectora` int(10) unsigned DEFAULT NULL,
  `Incidencia` varchar(180) DEFAULT NULL,
  `Descripcion` varchar(180) DEFAULT NULL,
  `GeneraError` tinyint(1) DEFAULT NULL,
  `OID` varchar(32) DEFAULT NULL,
  PRIMARY KEY (`IdIncidencia`)
) ENGINE=InnoDB DEFAULT CHARSET=latin1;
/*!40101 SET character_set_client = @saved_cs_client */;

--
-- Dumping data for table `incidencias_ingles`
--

LOCK TABLES `incidencias_ingles` WRITE;
/*!40000 ALTER TABLE `incidencias_ingles` DISABLE KEYS */;
INSERT INTO `incidencias_ingles` VALUES (1,NULL,'HF Equipment on','HF Equipment {0} on',NULL,NULL),(2,NULL,'Error in HF equipment','Error in HF equipment {0}',NULL,NULL),(3,NULL,'HF equipment off','HF equipment {0} off',NULL,NULL),(4,NULL,'HF equipment assigned','HF equipment assigned. User: {0}. Equipment: {1}, Frequency: {2}.',NULL,NULL),(5,NULL,'HF equipment unassigned','HF equipment unassigned.  Equipment: {1}, Frequency: {2}.',NULL,NULL),(6,NULL,'HF equipment error','HF equipment error',NULL,NULL),(7,NULL,'HF assigning error','HF assigning error. User: {0}, Equipment: {1}, Frequency: {2}.',NULL,NULL),(8,NULL,'HF unassigning error','HF unassigning error: Equipment: {1}, Frequency: {2}.',NULL,NULL),(9,NULL,'HF multiple assigning error','HF multiple assigning error. User {0}.',NULL,NULL),(10,NULL,'SELCAL preparation error','SELCAL preparation error. User: {0}, Equipment: {1}, OnOff: {2}.',NULL,NULL),(11,NULL,'U5KI_NBX_002','U5KI_NBX_002',NULL,NULL),(12,NULL,'U5KI_NBX_003','U5KI_NBX_003',NULL,NULL),(96,NULL,'Change of day.','Change of day',NULL,NULL),(105,NULL,'Sectorization load','Sectorization load {0}',NULL,'.1.1.600.1'),(106,NULL,'Error in sectorization load.','Error sectorization load {0}',1,'.1.1.600.1'),(108,NULL,'Rejection in sectorization. All real sectors are not in sectorization.','Reject in sectorization {0}. All real sectors are not in sectorization',1,'.1.1.600.1'),(109,NULL,'Loaded automatic sectorization.','Loaded automatic sectorization',NULL,'.1.1.600.1'),(110,NULL,'Rejected automatic sectorization.','Rejected automatic sectorization',1,'.1.1.600.1'),(111,NULL,'Position assigned to the sector.','Position {1} assigned to the sector {0}',NULL,'.1.1.600.1'),(112,NULL,'Position unassigned to the sector.','Position {1} unassigned to the sector {0}',NULL,'.1.1.600.1'),(113,NULL,'Rejection in sectorización. 1 + 1 is not active.','Rejection in sectorization. 1 + 1 is not active.',NULL,'.1.1.600.1'),(201,NULL,'Server 1 active.','Server 1 active',NULL,NULL),(202,201,'Server 1 down.','Server 1 down.',1,NULL),(203,NULL,'Server 2 active','Server 2 active',NULL,NULL),(204,203,'Server 2 down','Server 2 down',1,NULL),(1001,NULL,'Entering TOP.','Entering TOP. Position: {0}',NULL,'1.1.1000.0'),(1002,1001,'TOP down.','TOP down. Position: {0}',1,'1.1.1000.0'),(1003,NULL,'Executive jacks on.','Executive jacks on. Position: {0}',NULL,'1.1.1000.1.3.0'),(1004,1003,'Executive jacks off.','Executive jacks off. Position: {0}',1,'1.1.1000.1.3.0'),(1005,NULL,'Assistant jacks on.','Assistant jacks on. Position: {0}',NULL,'1.1.1000.1.3.1'),(1006,1005,'Assistant jacks off.','Assistant jacks off. Position: {0}',1,'1.1.1000.1.3.1'),(1007,NULL,'Speaker on.','Speaker on {0}. Position: {1}',1,'1.1.1000.1.2'),(1008,1007,'Speaker off','Speaker off. Position: {0}',0,'1.1.1000.1.2'),(1009,NULL,'Panel to operation','Panel to operation. Position: {0}',-1,'1.1.1000.1.4'),(1010,1009,'Panel to standby.','Panel to standby. Position: {0}',1,'1.1.1000.1.4'),(1011,NULL,'Frequency page selected','Frequency page selected: {0}. Position: {1}. Sector: {2}',NULL,'1.1.1000.6'),(1014,NULL,'PTT status.','PTT status: {0}. Position:{1}. PTT Type: {2}',NULL,'1.1.1000.2'),(1015,NULL,'Selected function','Selected function: {0}. Position: {1}. Sector: {2}',NULL,'1.1.1000.8'),(1016,NULL,'Incomming call Position.','Incomming calll. Access: {0}. Position: {1}.',NULL,'1.1.1000.9'),(1017,NULL,'Outgoing call Position.','Outgoing calll. Access: {0}. Position: {1}.',NULL,'1.1.1000.7'),(1019,NULL,'Ending  call Position.','Ending call. Access: {0}. Position: {1}.',NULL,'1.1.1000.10'),(1020,NULL,'Established telephone call','Established call.  Access: {0}. Position: {1}.',NULL,NULL),(2001,NULL,'Entering GW.','Entering GW.',NULL,'1.1.100.2.0'),(2002,2001,'GW down.','GW down.',1,'1.1.100.2.0'),(2003,NULL,'Radio resource on.','Radio resource on.',NULL,'1.1.200.3.1.17'),(2004,2003,'Radio resource off.','Radio resource off.',1,'1.1.200.3.1.17'),(2005,NULL,'Telephone resource on.','Telephone resource on.',NULL,'1.1.400.3.1.14'),(2006,2005,'Telephone resource off.','Telephone resource off.',1,'1.1.400.3.1.14'),(2009,NULL,'R2 resource on.','R2 resource on.',NULL,'1.1.500.3.1.17'),(2010,NULL,'R2 resource off.','R2 resource off.',NULL,'1.1.500.3.1.17'),(2012,NULL,'Protocol LCN error.','Protocol LCN error',NULL,'1.1.300.3.1.17'),(2013,NULL,'LCN resource on.','LCN resource on.',NULL,'1.1.300.3.1.17'),(2014,2013,'LCN resource off.','LCN resource off.',1,'1.1.300.3.1.17'),(2020,NULL,'Incomming call R2.','Incomming call R2. Resource {0}. Trunk {1}. Source {2}. Priority {3}. Target {4}',NULL,'1.1.500.3.1.17'),(2021,NULL,'End of incomming call R2.','End of incomming call R2. Resource {0}. Trunk {1}. Source {2}. Priority {3}. Target {4}',NULL,'1.1.500.3.1.17'),(2022,NULL,'Outgoing call R2.','Outgoing call R2.  Resource {0}. Trunk {1}. Source {2}. Priority {3}. Target {4}',NULL,'1.1.500.3.1.17'),(2023,NULL,'End of outgoing call R2.','End of outgoing call R2. Resource {0}. Trunk {1}. Source {2}. Priority {3}. Target {4}',NULL,'1.1.500.3.1.17'),(2024,NULL,'Test call  R2.','Test call R2',NULL,'1.1.500.3.1.17'),(2025,NULL,'R2 protocol error.','R2 protocol error.',1,'1.1.500.3.1.17'),(2030,NULL,'Incomming call LCN.','Incomming call LCN: Resource: {0}. Line: {1}',NULL,'1.1.300.3.1.17'),(2031,NULL,'End of incomming call LCN.','End of incomming call LCN: Resource: {0}. Line: {1}',NULL,'1.1.300.3.1.17'),(2032,NULL,'Outgoing call LCN.','Outgoing call LCN: Resource: {0}. Line: {1}.',NULL,'1.1.300.3.1.17'),(2033,NULL,'End of outgoing call LCN.','End of outgoing call LCN: Resource: {0}. Line: {1}.',NULL,'1.1.300.3.1.17'),(2040,NULL,'Telephony incomming call.','Telephony incomming call.: Resource {0}. Line {1}. Network {2}. Interfaz {3}. Access {4}.',NULL,'1.1.400.3.1.14'),(2041,NULL,'End of telephony incomming call.','End of telephony incomming call: Resource {0}. Line {1}. Network {2}. Interfaz {3}. Access {4}.',NULL,'1.1.400.3.1.14'),(2042,NULL,'Telephony outgoing call.','Telephony outgoing call:  Resource {0}. Line {1}. Network {2}. Interfaz {3}. Access {4}.',NULL,'1.1.400.3.1.14'),(2043,NULL,'End of telephony outgoing call.','End of telephony outgoing call: Resource {0}. Line {1}. Network {2}. Interfaz {3}. Access {4}.',NULL,'1.1.400.3.1.14'),(2050,NULL,'PTT On.','PTT On:  Gateway: {0}. Resource {1}. Frequency: {2}',NULL,'1.1.200.3.1.17'),(2051,NULL,'PTT Off.','PTT Off:  Gateway: {0}. Resource {1}. Frequency: {2}',NULL,'1.1.200.3.1.17'),(2052,NULL,'SQ On.','SQ On:  Gateway: {0}. Resource {1}. Frequency: {2}',NULL,'1.1.200.3.1.17'),(2053,NULL,'SQ Off.','SQ Off:  Gateway: {0}. Resource {1}. Frequency: {2}',NULL,'1.1.200.3.1.17'),(2100,NULL,'Selection Main/Standby','The gateway {0} switchs to {1}.',NULL,'1.1.100.21.0'),(3001,NULL,'Entering external equipment','Entering external equipment',NULL,NULL),(3002,3001,'External equipment down','External equipment down',1,NULL),(3050,NULL,'Error generico del NM (excepciones no esperadas dentro del NM)','Error generico del NM (excepciones no esperadas dentro del NM): {0}',NULL,NULL),(3051,NULL,'Error en los datos de configuracion recibidos','Error en los datos de configuracion recibidos: {0}',NULL,NULL),(3052,NULL,'Error al asignar el equipo','Error al asignar el equipo: {0}',NULL,NULL),(3053,NULL,'Equipo asignado correctamente','Equipo asignado correctamente: {0}',NULL,NULL),(3054,NULL,'Error al liberar el equipo','Error al liberar el equipo: {0}',NULL,NULL),(3055,NULL,'Equipo liberado correctamente','Equipo liberado correctamente: {0}',NULL,NULL),(3056,NULL,'Equipo en Modo Local (No accesible por el NM)','Equipo en Modo Local (No accesible por el NM): {0}',NULL,NULL),(3057,NULL,'Fallo de comunicacion','Fallo de comunicacion. Posible modo Interactivo desde la aplicación de gestion: {0}',NULL,NULL),(3060,NULL,'Error en la asignación de frecuencia','Error en la asignación de frecuencia: {0}',NULL,NULL),(3061,NULL,'Exito en la asignación de frecuencia','Exito en la asignación de frecuencia: {0}',NULL,NULL),(3062,NULL,'Error en la liberacion de frecuencia','Error en la liberacion de frecuencia: {0}',NULL,NULL),(3063,NULL,'Exito en la liberacion de frecuencia','Exito en la liberacion de frecuencia: {0}',NULL,NULL),(3070,NULL,'Error en el comando manual','Error en el comando manual: {0}',NULL,NULL),(3071,NULL,'Comando manual activar completo','Comando manual activar completo: {0}',NULL,NULL),(3072,NULL,'Comando manual desactivar completo','Comando manual desactivar completo: {0}',NULL,NULL),(3073,NULL,'Comando manual intercambiar asignacion/liberacion del equipo completo','Comando manual intercambiar asignacion/liberacion del equipo completo: {0}',NULL,NULL),(3074,NULL,'Comando manual de reinicio de servicio completo','Comando manual de reinicio de servicio completo: {0}',NULL,NULL),(3075,NULL,' Comando manual de configuracion de tiempo de validacion completo',' Comando manual de configuracion de tiempo de validacion completo: {0}',NULL,NULL),(3080,NULL,'Servicio Arrancado','Servicio Arrancado: {0}',NULL,NULL),(3081,NULL,'Servicio Detenido','Servicio Detenido: {0}',NULL,NULL),(3082,NULL,'Nueva Configuracion recibida e implementada en el NM','Nueva Configuracion recibida e implementada en el NM: {0}',NULL,NULL),(3099,NULL,'Un INFO genérico para la modificación que se ha hecho al sistema de logs','Un INFO genérico para la modificación que se ha hecho al sistema de logs. Informacion no catalogada: {0}',NULL,NULL),(3100,NULL,'Un ERROR genérico para la modificación que se ha hecho al sistema de logs','Un ERROR genérico para la modificación que se ha hecho al sistema de logs. Excepcion no catalogada: {0}',NULL,NULL),(5000,NULL,'Contador de tiempo operativo','{0}',0,NULL),(5001,NULL,'Elemento entra en estado operativo',NULL,0,NULL),(5002,NULL,'Elemento sale de estado operativo',NULL,0,NULL),(5003,NULL,'Contador de tiempo operativo','{0}',0,NULL),(5004,NULL,'Elemento entra en estado de fallo',NULL,0,NULL),(5005,NULL,'Elemento sale de estado de fallo',NULL,0,NULL);
/*!40000 ALTER TABLE `incidencias_ingles` ENABLE KEYS */;
UNLOCK TABLES;
/*!40103 SET TIME_ZONE=@OLD_TIME_ZONE */;

/*!40101 SET SQL_MODE=@OLD_SQL_MODE */;
/*!40014 SET FOREIGN_KEY_CHECKS=@OLD_FOREIGN_KEY_CHECKS */;
/*!40014 SET UNIQUE_CHECKS=@OLD_UNIQUE_CHECKS */;
/*!40101 SET CHARACTER_SET_CLIENT=@OLD_CHARACTER_SET_CLIENT */;
/*!40101 SET CHARACTER_SET_RESULTS=@OLD_CHARACTER_SET_RESULTS */;
/*!40101 SET COLLATION_CONNECTION=@OLD_COLLATION_CONNECTION */;
/*!40111 SET SQL_NOTES=@OLD_SQL_NOTES */;

-- Dump completed on 2016-05-12 16:16:05
